SL,Year,State/UT,Region_Type,KD_Total_Cases,Mid_Year_Projection,Rate_of_kanda,Male_below_6,Female_below_6,Below_6,Male_6-12,Female_6-12,Between_6-12,Male_12-16,Female_12-16,Between_12-16,Male_16-18,Female_16-18,Between_16-18,Male_Child_Victims,Female_Child_Victims,Total_Child_Victims,Male_18-30,Female_18-30,Between_18-30,Male_30-60,Female_30-60,Between_30-60,Male_above_60,Female_above_60,Above_60,Male_Adult_Victims,Female_Adult_Victims,Total_Adult_Victims,Male_Unrecovered,Female_Unrecovered,Total_Unrecovered,Male_Kidnapped_and_Abducted,Female_Kidnapped_and_Abducted,Male_Recovered,Female_Recovered,Total_Recovered,Factors
1,2016,Andhra Pradesh,State,917,517.4,1.8,44,67,17,22,39,19,114,133,22,216,238,81,396,477,109,172,281,95,68,163,1,3,4,205,243,448,342,844,1186,286,639,925,83,248,331, Murder
1,2016,Arunachal Pradesh,State,112,13.2,8.5,1,1,4,10,14,6,20,26,0,17,17,10,48,58,17,39,56,5,4,9,0,0,0,22,43,65,5,18,23,32,91,123,27,68,95, Ransom
1,2016,Assam,State,6126,325.8,18.8,1,8,47,24,71,212,298,510,268,594,862,534,917,1451,124,3120,3244,128,1305,1433,0,0,0,252,4425,4677,2444,10969,13413,786,5342,6128,60,189,249, Revenge
1,2016,Bihar,State,7324,1043,7,1,7,15,35,50,184,238,422,306,2472,2778,511,2746,3257,1100,2754,3854,122,95,217,1,0,1,1223,2849,4072,1909,3568,5477,1734,5595,7329,685,2261,2946, Marriage
1,2016,Chhattisgarh,State,2071,259.9,8,153,252,113,43,156,230,528,758,137,751,888,579,1475,2054,25,46,71,20,5,25,0,1,1,45,52,97,353,726,1079,624,1527,2151,559,1042,1601, Illicit Intercourse
1,2016,Goa,State,106,19.9,5.3,8,18,11,3,14,18,22,40,6,24,30,45,57,102,3,19,22,4,5,9,0,0,0,7,24,31,8,12,20,52,81,133,46,68,114, Prostitution
1,2016,Gujarat,State,2784,630.8,4.4,28,51,58,72,130,189,684,873,101,1155,1256,371,1939,2310,121,260,381,108,41,149,2,1,3,231,302,533,210,1206,1416,602,2241,2843,653,2444,3097, Adoption
1,2016,Haryana,State,3932,276.1,14.2,30,40,60,52,112,78,361,439,117,592,709,265,1035,1300,510,1159,1669,469,531,1000,31,19,50,1010,1709,2719,1238,2000,3238,1275,2744,4019,1136,2326,3462, Begging
1,2016,Himachal Pradesh,State,290,71.2,4.1,2,4,19,9,28,42,82,124,25,71,96,88,164,252,6,44,50,6,3,9,1,0,1,13,47,60,70,148,218,101,211,312,93,211,304, Domestic Servitude
1,2016,Jammu and Kashmir,State,810,124.6,6.5,1,1,2,3,5,16,38,54,3,105,108,21,147,168,6,499,505,10,128,138,0,0,0,16,627,643,93,728,821,37,774,811,41,945,986, Forced Labour
1,2016,Jharkhand,State,1309,338,3.9,44,45,20,2,22,24,111,135,46,40,86,91,197,288,418,516,934,72,56,128,0,0,0,490,572,1062,199,140,339,581,769,1350,517,385,902, Recovery of Loans
1,2016,Karnataka,State,2916,625.7,4.7,30,51,103,63,166,344,561,905,214,931,1145,682,1585,2267,145,332,477,143,106,249,5,0,5,293,438,731,360,1128,1488,975,2023,2998,754,1576,2330,Wrongful Confinement
1,2016,Kerala,State,241,357.5,0.7,6,9,1,6,7,4,40,44,10,93,103,18,145,163,28,25,53,32,2,34,1,1,2,61,28,89,28,87,115,79,173,252,79,203,282, Unlawful Activity
1,2016,Madhya Pradesh,State,7123,782.6,9.1,59,130,277,262,539,764,1447,2211,911,2323,3234,2023,4091,6114,129,684,813,87,217,304,4,2,6,220,903,1123,2572,6300,8872,2243,4994,7237,2403,4720,7123,Drug Pedling
1,2016,Maharashtra,State,9333,1205.5,7.7,160,334,536,361,897,1287,2131,3418,765,2846,3611,2762,5498,8260,281,731,1012,240,182,422,9,4,13,530,917,1447,1357,2191,3548,3292,6415,9707,2299,4354,6653,Petty Crimes 
1,2016,Manipur,State,145,26,5.6,0,1,1,9,10,2,40,42,1,13,14,5,62,67,24,37,61,29,2,31,0,0,0,53,39,92,512,490,1002,58,101,159,562,589,1151,Terrorist Activities
1,2016,Meghalaya,State,156,27.8,5.6,5,12,4,1,5,24,20,44,8,8,16,43,34,77,29,24,53,44,2,46,0,0,0,73,26,99,10,4,14,116,60,176,77,49,126, Selling Body Parts
1,2016,Mizoram,State,6,10.7,0.6,0,2,1,0,1,0,3,3,0,0,0,3,3,6,1,0,1,0,0,0,0,0,0,1,0,1,7,9,16,4,3,7,2,1,3,Others
1,2016,Nagaland,State,91,23.9,3.8,2,2,6,6,12,7,10,17,10,12,22,23,30,53,7,14,21,12,7,19,0,0,0,19,21,40,15,36,51,42,51,93,30,41,71,Deemed Kidnapped
1,2016,Odisha,State,3046,425.9,7.2,17,21,42,56,98,97,298,395,67,566,633,210,937,1147,332,1331,1663,62,172,234,0,2,2,394,1505,1899,291,1616,1907,604,2442,3046,596,2302,2898,Missing Deemed Kidnapped
1,2016,Punjab,State,1591,292,5.4,10,30,35,21,56,51,301,352,46,542,588,152,874,1026,119,334,453,87,77,164,2,1,3,208,412,620,723,1669,2392,360,1286,1646,304,957,1261,Left Home by own will
1,2016,Rajasthan,State,5299,732.8,7.2,33,73,97,104,201,222,515,737,208,701,909,567,1353,1920,426,2074,2500,338,598,936,6,3,9,770,2675,3445,989,3891,4880,1337,4028,5365,1431,4826,6257,Elopement
1,2016,Sikkim,State,12,6.5,1.8,0,0,0,0,0,0,0,0,0,11,11,0,11,11,0,1,1,0,0,0,0,0,0,0,1,1,10,36,46,0,12,12,0,0,0,Family Disputes
1,2016,Tamil Nadu,State,1223,695.2,1.8,12,23,12,5,17,5,57,62,7,265,272,35,339,374,65,665,730,78,48,126,1,1,2,144,714,858,133,677,810,179,1053,1232,216,1438,1654,Civil Disputes
1,2016,Telangana,State,1302,368.5,3.5,112,149,21,26,47,31,265,296,32,235,267,121,638,759,65,249,314,90,125,215,2,36,38,157,410,567,337,649,986,278,1048,1326,397,834,1231,Other Motives
1,2016,Tripura,State,139,38.4,3.6,0,1,0,2,2,6,64,70,1,30,31,8,96,104,6,27,33,6,0,6,0,0,0,12,27,39,18,47,65,20,123,143,28,149,177,Slavary
1,2016,Uttar Pradesh,State,15898,2192.4,7.3,42,135,428,763,1191,634,4257,4891,320,3141,3461,1475,8203,9678,1137,4352,5489,296,459,755,0,0,0,1433,4811,6244,912,3495,4407,2908,13014,15922,2628,12720,15348,Smugling
1,2016,Uttarakhand,State,790,106.8,7.4,16,34,31,44,75,109,45,154,54,119,173,212,224,436,82,150,232,56,68,124,5,0,5,143,218,361,374,342,716,355,442,797,47,78,125,Theft 
1,2016,West Bengal,State,6045,938.3,6.4,39,60,125,122,247,335,1133,1468,301,1585,1886,782,2879,3661,414,1855,2269,144,294,438,0,0,0,558,2149,2707,507,1445,1952,1340,5028,6368,518,2142,2660,Child Soldiers
1,2016,A and N Islands,UT,26,5.5,4.7,3,4,0,3,3,2,5,7,1,11,12,4,22,26,0,0,0,1,0,1,0,0,0,1,0,1,2,5,7,5,22,27,5,22,27,Scolding by parents
1,2016,Chandigarh,UT,180,18,10,2,3,10,1,11,27,53,80,22,43,65,60,99,159,8,26,34,5,0,5,0,0,0,13,26,39,65,97,162,73,125,198,68,132,200,Love Relationship
1,2016,D and N Haveli,UT,10,4.3,2.3,0,0,0,0,0,4,3,7,1,2,3,5,5,10,0,0,0,0,0,0,0,0,0,0,0,0,0,6,6,5,5,10,4,4,8, Murder
1,2016,Daman and Diu,UT,21,3.3,6.4,0,0,19,8,27,0,0,0,0,1,1,19,9,28,0,0,0,0,0,0,1,0,1,1,0,1,18,11,29,20,9,29,18,8,26, Ransom
1,2016,Delhi,UT,6619,214.9,30.8,153,328,641,353,994,1250,1752,3002,613,1317,1930,2679,3575,6254,180,385,565,73,74,147,9,7,16,262,466,728,3463,4708,8171,2941,4041,6982,2606,3287,5893, Revenge
1,2016,Lakshadweep,UT,0,0.8,0,0,0,0,0,0,0,0,0,0,0,0,0,0,0,0,0,0,0,0,0,0,0,0,0,0,0,0,0,0,0,0,0,0,0,0, Marriage
1,2016,Puducherry,UT,15,16.8,0.9,0,0,0,0,0,2,3,5,0,6,6,2,9,11,1,0,1,3,1,4,0,3,3,4,4,8,0,0,0,6,13,19,2,6,8, Illicit Intercourse
2,2017,Andhra Pradesh,State,1018,521.3,2,14,17,31,20,25,45,31,195,226,48,352,400,113,589,702,42,223,265,84,38,122,8,2,10,134,263,397,545,1235,1780,247,852,598,1280,1878, Prostitution
2,2017,Arunachal Pradesh,State,117,13.3,8.8,1,0,1,1,12,13,1,15,16,0,15,15,3,42,45,9,32,41,21,23,44,0,0,0,30,55,85,7,17,24,33,97,21,39,60, Adoption
2,2017,Assam,State,7857,329.3,23.9,2,9,11,47,283,330,172,954,1126,167,1283,1450,388,2529,2917,569,3522,4091,199,953,1152,0,0,0,768,4475,5243,11669,3043,14712,1156,7004,647,5907,6554, Begging
2,2017,Bihar,State,8479,1054.5,8,9,9,18,102,45,147,232,550,782,485,2404,2889,828,3008,3836,1165,3184,4349,150,154,304,5,2,7,1320,3340,4660,2594,6284,8878,2148,6348,1897,6152,8049, Domestic Servitude
2,2017,Chhattisgarh,State,2109,262.9,8,19,20,39,113,48,161,344,624,968,185,719,904,661,1411,2072,26,103,129,23,27,50,0,0,0,49,130,179,418,1213,1631,710,1541,705,1429,2134, Forced Labour
2,2017,Goa,State,86,20.4,4.2,0,2,2,4,5,9,10,23,33,5,20,25,19,50,69,5,12,17,2,6,8,0,0,0,7,18,25,14,25,39,26,68,29,64,93, Recovery of Loans
2,2017,Gujarat,State,2094,637.7,3.3,18,23,41,73,41,114,183,465,648,100,843,943,374,1372,1746,108,195,303,106,26,132,1,0,1,215,221,436,159,1003,1162,589,1593,631,2010,2641,Wrongful Confinement
2,2017,Haryana,State,4401,280,15.7,28,39,67,87,174,261,112,649,761,104,551,655,331,1413,1744,310,1611,1921,421,287,708,55,19,74,786,1917,2703,1377,2418,3795,1117,3330,1695,4222,5917, Unlawful Activity
2,2017,Himachal Pradesh,State,339,71.7,4.7,3,0,3,7,4,11,49,73,122,16,116,132,75,193,268,9,52,61,9,18,27,1,1,2,19,71,90,78,148,226,94,264,109,266,375,Drug Pedling
2,2017,Jammu and Kashmir,State,995,125.9,7.9,1,1,2,0,1,1,5,49,54,9,216,225,15,267,282,16,549,565,7,279,286,0,0,0,23,828,851,35,321,356,38,1095,50,932,982,Petty Crimes 
2,2017,Jharkhand,State,1577,342.1,4.6,1,1,2,2,3,5,13,143,156,21,351,372,37,498,535,251,504,755,199,100,299,8,0,8,458,604,1062,263,524,787,495,1102,240,722,962,Terrorist Activities
2,2017,Karnataka,State,3005,630.9,4.8,39,25,64,100,60,160,372,559,931,311,1024,1335,822,1668,2490,192,300,492,136,27,163,5,2,7,333,329,662,581,1575,2156,1155,1997,1408,2877,4285, Selling Body Parts
2,2017,Kerala,State,293,359.4,0.8,3,9,12,5,1,6,2,38,40,8,125,133,18,173,191,30,53,83,23,6,29,1,1,2,54,60,114,23,57,80,72,233,93,285,378,Others
2,2017,Madhya Pradesh,State,7807,793.3,9.8,40,47,87,344,370,714,823,1760,2583,807,3068,3875,2014,5245,7259,228,523,751,55,159,214,2,2,4,285,684,969,1123,3783,4906,2299,5929,2168,5810,7978,Deemed Kidnapped
2,2017,Maharashtra,State,10324,1219.9,8.5,124,85,209,455,229,684,1343,2170,3513,983,3902,4885,2905,6386,9291,503,516,1019,192,228,420,6,2,8,701,746,1447,2350,4252,6602,3606,7132,3687,7201,10888,Missing Deemed Kidnapped
2,2017,Manipur,State,142,26.3,5.4,0,0,0,2,3,5,13,10,23,2,11,13,17,24,41,30,40,70,27,15,42,0,0,0,57,55,112,8,2,10,74,79,70,74,144,Left Home by own will
2,2017,Meghalaya,State,148,28.1,5.3,0,0,0,2,3,5,1,24,25,0,16,16,3,43,46,39,22,61,48,5,53,1,0,1,88,27,115,47,15,62,91,70,39,30,69,Elopement
2,2017,Mizoram,State,4,10.8,0.4,0,1,1,3,0,3,0,0,0,0,0,0,3,1,4,3,0,3,0,0,0,0,0,0,3,0,3,0,0,0,6,1,3,1,4,Family Disputes
2,2017,Nagaland,State,66,24.1,2.7,3,0,3,5,5,10,7,14,21,3,9,12,18,28,46,11,9,20,10,0,10,1,0,1,22,9,31,23,45,68,40,37,37,45,82,Civil Disputes
2,2017,Odisha,State,3349,429.2,7.8,0,11,11,27,119,146,42,346,388,84,696,780,153,1172,1325,329,1520,1849,93,81,174,11,0,11,433,1601,2034,299,1756,2055,586,2773,771,3749,4520,Other Motives
2,2017,Punjab,State,1386,294.6,4.7,9,3,12,18,32,50,44,325,369,24,591,615,95,951,1046,65,234,299,62,39,101,4,1,5,131,274,405,240,682,922,226,1225,220,1030,1250,Slavary
2,2017,Rajasthan,State,5216,742.5,7,14,10,24,74,43,117,261,625,886,217,769,986,566,1447,2013,574,1915,2489,225,809,1034,7,4,11,806,2728,3534,895,3093,3988,1372,4175,2046,6602,8648,Smugling
2,2017,Sikkim,State,71,6.6,10.8,0,0,0,3,17,20,16,19,35,14,6,20,33,42,75,0,2,2,0,2,2,0,0,0,0,4,4,10,48,58,33,46,21,24,45,Theft 
2,2017,Tamil Nadu,State,1027,698.4,1.5,5,12,17,3,10,13,2,43,45,5,178,183,15,243,258,62,609,671,74,38,112,2,1,3,138,648,786,103,417,520,153,891,166,1048,1214,Child Soldiers
2,2017,Telangana,State,1560,371.3,4.2,13,34,47,15,61,76,41,244,285,39,324,363,108,663,771,131,405,536,103,396,499,5,4,9,239,805,1044,171,425,596,347,1468,354,1040,1394,Scolding by parents
2,2017,Tripura,State,122,38.8,3.1,0,0,0,1,1,2,9,43,52,3,39,42,13,83,96,6,16,22,5,13,18,0,0,0,11,29,40,10,21,31,24,112,20,75,95,Love Relationship
2,2017,Uttar Pradesh,State,19921,2226.1,8.9,62,94,156,327,644,971,583,2224,2807,414,2848,3262,1386,5810,7196,684,9025,9709,833,3100,3933,43,6,49,1560,12131,13691,1192,3789,4981,2946,17941,2052,8534,10586, Murder
2,2017,Uttarakhand,State,800,108,7.4,15,25,40,80,50,130,50,65,115,26,37,63,171,177,348,70,74,144,137,155,292,21,31,52,228,260,488,682,706,1388,399,437,36,105,141, Ransom
2,2017,West Bengal,State,5205,946,5.5,42,90,132,128,198,326,313,1075,1388,249,1695,1944,732,3058,3790,263,1209,1472,132,480,612,3,27,30,398,1716,2114,1761,3943,5704,1130,4774,1632,5819,7451, Revenge
2,2017,A and N Islands,UT,34,5.7,6,0,0,0,1,1,2,4,10,14,2,13,15,7,24,31,1,2,3,1,0,1,0,0,0,2,2,4,3,3,6,9,26,9,23,32, Marriage
2,2017,Chandigarh,UT,203,18.9,10.8,8,2,10,12,7,19,35,42,77,12,64,76,67,115,182,6,28,34,2,4,6,0,0,0,8,32,40,70,90,160,75,147,90,144,234, Illicit Intercourse
2,2017,D and N Haveli,UT,14,4.4,3.2,1,0,1,2,0,2,1,6,7,0,3,3,4,9,13,1,0,1,0,0,0,0,0,0,1,0,1,1,7,8,5,9,5,12,17, Prostitution
2,2017,Daman and Diu,UT,14,3.5,4,0,0,0,0,0,0,5,8,13,2,0,2,7,8,15,0,0,0,0,0,0,0,0,0,0,0,0,0,2,2,7,8,6,8,14, Adoption
2,2017,Delhi,UT,6095,221,27.6,118,96,214,524,321,845,1037,1588,2625,610,1575,2185,2289,3580,5869,116,270,386,90,70,160,4,3,7,210,343,553,3798,5462,9260,2499,3923,3166,4370,7536, Begging
2,2017,Lakshadweep,UT,0,0.8,0,0,0,0,0,0,0,0,0,0,0,0,0,0,0,0,0,0,0,0,0,0,0,0,0,0,0,0,0,0,0,0,0,0,0,0, Domestic Servitude
2,2017,Puducherry,UT,15,17.6,0.9,0,0,0,6,3,9,0,0,0,0,1,1,6,4,10,1,0,1,0,10,10,0,0,0,1,10,11,14,4,18,7,14,0,0,0, Forced Labour
3,2018,Andhra Pradesh,State,1055,520.3,2,8,11,19,12,21,33,44,288,332,27,338,365,91,658,749,34,187,221,73,128,201,2,0,2,109,315,424,194,807,1001,200,973,268,1163,1431, Recovery of Loans
3,2018,Arunachal Pradesh,State,135,14.9,9,2,0,2,0,20,20,1,23,24,1,32,33,4,75,79,20,19,39,13,15,28,0,4,4,33,38,71,6,24,30,37,113,30,55,85,Wrongful Confinement
3,2018,Assam,State,8966,340.4,26.3,0,1,1,54,42,96,215,555,770,138,970,1108,407,1568,1975,270,1581,1851,239,643,882,5,0,5,514,2224,2738,12351,1642,13993,921,3792,978,3644,4622, Unlawful Activity
3,2018,Bihar,State,9935,1183.3,8.4,56,57,113,151,304,455,245,1082,1327,295,2306,2601,747,3749,4496,1010,3795,4805,187,493,680,5,6,11,1202,4294,5496,2845,6480,9325,1949,8043,1952,7646,9598,Drug Pedling
3,2018,Chhattisgarh,State,2443,284.7,8.6,23,24,47,108,94,202,271,773,1044,172,954,1126,574,1845,2419,14,35,49,25,21,46,0,0,0,39,56,95,407,1292,1699,613,1901,624,1828,2452,Petty Crimes 
3,2018,Goa,State,105,15.3,6.8,0,1,1,3,5,8,13,37,50,3,18,21,19,61,80,2,19,21,9,7,16,0,0,0,11,26,37,11,29,40,30,87,29,77,106,Terrorist Activities
3,2018,Gujarat,State,1996,673.2,3,33,23,56,73,63,136,213,520,733,111,646,757,430,1252,1682,129,126,255,84,33,117,5,1,6,218,160,378,117,586,703,648,1412,650,1487,2137, Selling Body Parts
3,2018,Haryana,State,5015,284,17.7,34,33,67,90,92,182,170,678,848,113,712,825,407,1515,1922,577,1780,2357,343,424,767,13,11,24,933,2215,3148,799,1526,2325,1340,3730,1495,4204,5699,Others
3,2018,Himachal Pradesh,State,475,72.7,6.5,5,7,12,19,17,36,54,117,171,27,161,188,105,302,407,10,61,71,17,17,34,0,0,0,27,78,105,63,146,209,132,380,114,321,435,Deemed Kidnapped
3,2018,Jammu and Kashmir,State,1137,134.3,8.5,1,2,3,3,1,4,23,84,107,31,213,244,58,300,358,11,593,604,9,186,195,0,0,0,20,779,799,23,484,507,78,1079,77,972,1049,Missing Deemed Kidnapped
3,2018,Jharkhand,State,1741,370.5,4.7,0,1,1,4,6,10,4,22,26,40,499,539,48,528,576,513,644,1157,12,14,26,1,0,1,526,658,1184,518,904,1422,574,1186,363,1053,1416,Left Home by own will
3,2018,Karnataka,State,3027,654.5,4.6,23,15,38,141,75,216,449,526,975,282,1039,1321,895,1655,2550,135,366,501,119,40,159,5,0,5,259,406,665,328,695,1023,1154,2061,1093,2055,3148,Elopement
3,2018,Kerala,State,297,350,0.8,3,7,10,5,5,10,13,50,63,2,129,131,23,191,214,28,24,52,32,11,43,3,0,3,63,35,98,14,13,27,86,226,99,233,332,Family Disputes
3,2018,Madhya Pradesh,State,8596,814.7,10.6,47,29,76,304,305,609,1139,2219,3358,694,3214,3908,2184,5767,7951,78,564,642,72,261,333,3,4,7,153,829,982,1254,3902,5156,2337,6596,2117,6021,8138,Civil Disputes
3,2018,Maharashtra,State,11443,1213.9,9.4,113,122,235,543,341,884,1328,2894,4222,1002,4280,5282,2986,7637,10623,235,496,731,270,264,534,11,4,15,516,764,1280,2269,4183,6452,3502,8401,3300,7725,11025,Other Motives
3,2018,Manipur,State,142,30.8,4.6,0,0,0,1,7,8,2,20,22,3,20,23,6,47,53,21,41,62,30,11,41,1,0,1,52,52,104,12,7,19,58,99,39,93,132,Slavary
3,2018,Meghalaya,State,148,32,4.6,1,5,6,0,12,12,6,35,41,6,21,27,13,73,86,25,28,53,7,6,13,1,0,1,33,34,67,99,55,154,46,107,35,66,101,Smugling
3,2018,Mizoram,State,3,11.8,0.3,0,0,0,2,0,2,2,0,2,0,0,0,4,0,4,0,1,1,0,0,0,0,0,0,0,1,1,0,0,0,4,1,4,1,5,Theft 
3,2018,Nagaland,State,90,21.3,4.2,1,1,2,2,7,9,14,18,32,2,5,7,19,31,50,14,8,22,25,4,29,0,0,0,39,12,51,26,37,63,58,43,57,57,114,Child Soldiers
3,2018,Odisha,State,3972,435.5,9.1,0,0,0,60,109,169,135,658,793,272,1898,2170,467,2665,3132,54,559,613,25,213,238,1,0,1,80,772,852,135,737,872,547,3437,629,3790,4419,Scolding by parents
3,2018,Punjab,State,1599,297,5.4,18,17,35,30,26,56,46,420,466,16,624,640,110,1087,1197,61,284,345,64,35,99,9,1,10,134,320,454,246,877,1123,244,1407,240,1241,1481,Love Relationship
3,2018,Rajasthan,State,5809,765.9,7.6,9,12,21,46,68,114,258,603,861,287,958,1245,600,1641,2241,491,1910,2401,401,898,1299,19,23,42,911,2831,3742,221,666,887,1511,4472,1394,4296,5690, Murder
3,2018,Sikkim,State,74,6.6,11.2,1,1,2,1,3,4,36,41,77,2,2,4,40,47,87,0,1,1,0,2,2,0,0,0,0,3,3,0,1,1,40,50,34,39,73, Ransom
3,2018,Tamil Nadu,State,1097,754.6,1.5,6,14,20,2,11,13,3,75,78,2,228,230,13,328,341,92,568,660,67,49,116,3,0,3,162,617,779,90,260,350,175,945,162,869,1031, Revenge
3,2018,Telangana,State,1810,370.3,4.9,13,10,23,54,46,100,65,367,432,112,409,521,244,832,1076,166,187,353,271,112,383,1,0,1,438,299,737,164,853,1017,682,1131,772,1746,2518, Marriage
3,2018,Tripura,State,166,39.6,4.2,0,0,0,5,0,5,10,65,75,4,43,47,19,108,127,8,41,49,1,7,8,0,0,0,9,48,57,10,35,45,28,156,20,146,166, Illicit Intercourse
3,2018,Uttar Pradesh,State,21711,2230,9.7,30,55,85,324,742,1066,719,1988,2707,612,4251,4863,1685,7036,8721,1564,10665,12229,507,1943,2450,26,106,132,2097,12714,14811,2086,13196,15282,3782,19750,2288,9605,11893, Prostitution
3,2018,Uttarakhand,State,1177,110.6,10.6,16,8,24,47,52,99,83,91,174,146,123,269,292,274,566,92,205,297,132,207,339,4,6,10,228,418,646,1045,1038,2083,520,692,271,300,571, Adoption
3,2018,West Bengal,State,5191,965,5.4,25,39,64,87,148,235,192,1329,1521,184,1421,1605,488,2937,3425,274,1088,1362,144,372,516,0,0,0,418,1460,1878,1280,3076,4356,906,4397,1292,4897,6189, Begging
3,2018,A and N Islands,UT,37,4,9.3,2,0,2,0,0,0,0,11,11,2,21,23,4,32,36,0,0,0,1,1,2,0,0,0,1,1,2,3,6,9,5,33,6,33,39, Domestic Servitude
3,2018,Chandigarh,UT,209,11.7,17.9,4,2,6,10,6,16,30,58,88,7,64,71,51,130,181,9,7,16,10,2,12,0,0,0,19,9,28,55,93,148,70,139,73,184,257, Forced Labour
3,2018,D and N Haveli,UT,6,5.3,1.1,1,0,1,1,0,1,0,3,3,0,1,1,2,4,6,0,0,0,0,0,0,0,0,0,0,0,0,2,4,6,2,4,3,8,11, Recovery of Loans
3,2018,Daman and Diu,UT,30,4,7.6,0,0,0,0,1,1,4,10,14,3,12,15,7,23,30,1,0,1,0,0,0,0,0,0,1,0,1,1,2,3,8,23,8,19,27,Wrongful Confinement
3,2018,Delhi,UT,6063,195.6,31,74,67,141,507,298,805,1008,1731,2739,619,1592,2211,2208,3688,5896,100,237,337,54,59,113,2,1,3,156,297,453,3131,5015,8146,2364,3985,2239,3508,5747, Unlawful Activity
3,2018,Lakshadweep,UT,0,0.7,0,0,0,0,0,0,0,0,0,0,0,0,0,0,0,0,0,0,0,0,0,0,0,0,0,0,0,0,0,0,0,0,0,0,0,0,Drug Pedling
3,2018,Puducherry,UT,34,14.8,2.3,0,0,0,0,0,0,0,20,20,0,0,0,0,20,20,14,0,14,0,0,0,0,0,0,14,0,14,21,18,39,14,20,0,0,0,Petty Crimes 
4,2019,Andhra Pradesh,State,902,523.2,1.7,15,15,30,20,37,57,36,170,206,29,217,246,100,439,539,45,132,177,111,103,214,2,4,6,158,239,397,126,617,743,258,678,210,634,844,Terrorist Activities
4,2019,Arunachal Pradesh,State,117,15.1,7.8,0,1,1,1,14,15,4,22,26,2,27,29,7,64,71,9,19,28,16,12,28,0,0,0,25,31,56,12,112,124,32,95,14,76,90, Selling Body Parts
4,2019,Assam,State,9432,344.2,27.4,2,1,3,47,136,183,279,1436,1715,262,1939,2201,590,3512,4102,408,3973,4381,254,1241,1495,3,15,18,665,5229,5894,12141,5303,17444,1255,8741,978,4906,5884,Others
4,2019,Bihar,State,10707,1201.1,8.9,49,34,83,173,563,736,374,1567,1941,393,3181,3574,989,5345,6334,402,2576,2978,267,1133,1400,8,2,10,677,3711,4388,2842,6877,9719,1666,9056,1598,5659,7257,Deemed Kidnapped
4,2019,Chhattisgarh,State,2638,288.5,9.1,13,4,17,82,127,209,261,794,1055,215,1143,1358,571,2068,2639,14,35,49,13,8,21,0,0,0,27,43,70,396,1365,1761,598,2111,575,1952,2527,Missing Deemed Kidnapped
4,2019,Goa,State,71,15.4,4.6,1,0,1,4,1,5,8,15,23,3,19,22,16,35,51,1,10,11,4,7,11,0,0,0,5,17,22,12,39,51,21,52,24,56,80,Left Home by own will
4,2019,Gujarat,State,1813,682.5,2.7,22,21,43,76,61,137,190,449,639,79,604,683,367,1135,1502,101,106,207,122,30,152,6,1,7,229,137,366,115,511,626,596,1272,603,1324,1927,Elopement
4,2019,Haryana,State,4023,288.1,14,36,49,85,95,162,257,172,634,806,93,670,763,396,1515,1911,248,1332,1580,158,511,669,7,11,18,413,1854,2267,644,1052,1696,809,3369,1052,3445,4497,Family Disputes
4,2019,Himachal Pradesh,State,455,73.2,6.2,1,3,4,7,7,14,66,105,171,43,194,237,117,309,426,5,35,40,3,3,6,0,6,6,8,44,52,81,205,286,125,353,173,513,686,Civil Disputes
4,2019,Jharkhand,State,961,135.3,7.1,1,3,4,3,4,7,34,73,107,20,167,187,58,247,305,11,531,542,3,124,127,0,0,0,14,655,669,24,591,615,72,902,73,803,876,Other Motives
4,2019,Karnataka,State,1814,375.8,4.8,0,4,4,5,65,70,15,145,160,3,332,335,23,546,569,385,531,916,164,117,281,6,56,62,555,704,1259,729,1037,1766,578,1250,613,1353,1966,Slavary
4,2019,Kerala,State,3080,659.7,4.7,31,26,57,98,82,180,517,576,1093,338,1072,1410,984,1756,2740,142,145,287,144,59,203,3,2,5,289,206,495,389,701,1090,1273,1962,1164,1797,2961,Smugling
4,2019,Madhya Pradesh,State,386,351.9,1.1,4,4,8,13,15,28,18,99,117,14,125,139,49,243,292,31,26,57,39,3,42,2,0,2,72,29,101,9,12,21,121,272,113,250,363,Theft 
4,2019,Maharashtra,State,9812,826.1,11.9,54,105,159,347,525,872,1100,2744,3844,1018,3728,4746,2519,7102,9621,102,235,337,74,170,244,22,21,43,198,426,624,1474,4477,5951,2717,7528,2425,6148,8573,Child Soldiers
4,2019,Manipur,State,11755,1225.3,9.6,98,82,180,497,451,948,1422,2832,4254,1050,4684,5734,3067,8049,11116,187,458,645,193,165,358,9,2,11,389,625,1014,2471,4859,7330,3456,8674,3474,8052,11526,Scolding by parents
4,2019,Meghalaya,State,129,31.1,4.1,0,0,0,1,1,2,3,23,26,6,29,35,10,53,63,9,31,40,25,5,30,0,0,0,34,36,70,31,13,44,44,89,44,80,124,Love Relationship
4,2019,Mizoram,State,130,32.3,4,1,0,1,3,5,8,14,22,36,9,17,26,27,44,71,14,56,70,41,49,90,3,2,5,58,107,165,117,100,217,85,151,47,106,153, Murder
4,2019,Nagaland,State,5,12,0.4,0,0,0,0,1,1,0,0,0,0,1,1,0,2,2,1,1,2,0,1,1,0,0,0,1,2,3,0,0,0,1,4,0,4,4, Ransom
4,2019,Odisha,State,64,21.6,3,1,3,4,1,0,1,6,17,23,0,12,12,8,32,40,5,8,13,15,5,20,0,0,0,20,13,33,27,23,50,28,45,31,48,79, Revenge
4,2019,Punjab,State,4748,437.3,10.9,1,3,4,24,84,108,38,430,468,564,3460,4024,627,3977,4604,23,121,144,4,4,8,0,0,0,27,125,152,53,384,437,654,4102,674,4356,5030, Marriage
4,2019,Rajasthan,State,1798,299.4,6,23,15,38,27,19,46,58,473,531,24,733,757,132,1240,1372,60,292,352,53,52,105,7,1,8,120,345,465,250,1043,1293,252,1585,233,1492,1725, Illicit Intercourse
4,2019,Sikkim,State,8058,776,10.4,6,12,18,90,143,233,258,842,1100,283,1536,1819,637,2533,3170,740,2496,3236,457,1245,1702,13,24,37,1210,3765,4975,338,842,1180,1847,6298,1686,5765,7451, Prostitution
4,2019,Tamil Nadu,State,51,6.7,7.7,1,0,1,4,7,11,12,21,33,2,12,14,19,40,59,0,0,0,0,0,0,0,0,0,0,0,0,4,7,11,19,40,20,38,58, Adoption
4,2019,Telangana,State,898,758.1,1.2,6,3,9,1,4,5,10,41,51,1,254,255,18,302,320,54,396,450,91,43,134,3,1,4,148,440,588,103,336,439,166,742,181,828,1009, Begging
4,2019,Tripura,State,2127,372.8,5.7,23,27,50,40,80,120,98,307,405,56,616,672,217,1030,1247,155,346,501,169,239,408,8,1,9,332,586,918,74,238,312,549,1616,521,1497,2018, Domestic Servitude
4,2019,Uttar Pradesh,State,166,40,4.1,0,3,3,2,6,8,6,46,52,4,55,59,12,110,122,5,37,42,4,4,8,0,0,0,9,41,50,18,45,63,21,151,28,150,178, Forced Labour
4,2019,Uttarakhand,State,16590,2259.7,7.3,55,36,91,299,634,933,556,2116,2672,605,3794,4399,1515,6580,8095,426,6600,7026,284,1071,1355,10,470,480,720,8141,8861,2794,11702,14496,2235,14721,2448,13373,15821, Recovery of Loans
4,2019,West Bengal,State,967,111.8,8.6,16,33,49,69,68,137,54,95,149,75,103,178,214,299,513,91,178,269,108,117,225,7,6,13,206,301,507,1294,1430,2724,420,600,498,619,1117,Wrongful Confinement
4,2019,A and N Islands,UT,5191,971.1,5.3,25,39,64,87,148,235,192,1329,1521,184,1421,1605,488,2937,3425,274,1088,1362,144,372,516,0,0,0,418,1460,1878,1259,2898,4157,906,4397,1271,4746,6017, Unlawful Activity
4,2019,Chandigarh,UT,27,4,6.8,1,2,3,2,2,4,4,7,11,0,12,12,7,23,30,1,3,4,0,2,2,0,0,0,1,5,6,2,6,8,8,28,7,26,33,Drug Pedling
4,2019,D and N Haveli,UT,177,11.8,14.9,2,0,2,9,6,15,32,73,105,10,49,59,53,128,181,3,8,11,1,4,5,0,0,0,4,12,16,52,48,100,57,140,52,118,170,Petty Crimes 
4,2019,Daman and Diu,UT,9,5.6,1.6,0,0,0,0,0,0,0,3,3,0,5,5,0,8,8,0,0,0,0,1,1,0,0,0,0,1,1,1,0,1,0,9,0,9,9,Terrorist Activities
4,2019,Delhi,UT,26,4.2,6.1,0,1,1,2,0,2,5,9,14,0,7,7,7,17,24,1,1,2,0,0,0,0,0,0,1,1,2,1,6,7,8,18,7,14,21, Selling Body Parts
4,2019,Jammu and Kashmir,UT,5901,199.4,29.6,82,46,128,447,266,713,981,1840,2821,540,1498,2038,2050,3650,5700,110,190,300,55,30,85,3,0,3,168,220,388,3256,5492,8748,2218,3870,1957,3264,5221,Others
4,2019,Lakshadweep,UT,0,0.7,0,0,0,0,0,0,0,0,0,0,0,0,0,0,0,0,0,0,0,0,0,0,0,0,0,0,0,0,0,0,0,0,0,0,0,0,Deemed Kidnapped
4,2019,Puducherry,UT,9,15.2,0.6,0,0,0,0,0,0,0,0,0,0,0,0,0,0,0,9,0,9,0,0,0,0,0,0,9,0,9,35,38,73,9,0,0,0,0,Missing Deemed Kidnapped
5,2020,Andhra Pradesh,State,737,526,1.4,7,9,16,12,21,33,14,173,187,16,252,268,49,455,504,38,83,121,71,50,121,1,1,2,110,134,244,174,661,835,159,589,161,646,807,Left Home by own will
5,2020,Arunachal Pradesh,State,78,15.2,5.1,1,0,1,0,0,0,4,5,9,2,36,38,7,41,48,7,17,24,11,7,18,1,0,1,19,24,43,30,131,161,26,65,18,61,79,Elopement
5,2020,Assam,State,6934,347.9,19.9,0,8,8,15,162,177,116,758,874,40,1795,1835,171,2723,2894,313,3366,3679,198,1336,1534,0,10,10,511,4712,5223,12418,9138,21556,682,7435,8214,7036,15250,Family Disputes
5,2020,Bihar,State,7889,1219,6.5,15,17,32,78,313,391,138,1081,1219,166,1801,1967,397,3212,3609,372,2549,2921,368,1038,1406,6,19,25,746,3606,4352,2910,10274,13184,1143,6818,1117,4859,5976,Civil Disputes
5,2020,Chhattisgarh,State,2008,292.4,6.9,8,11,19,61,68,129,179,748,927,90,836,926,338,1663,2001,11,27,38,11,9,20,0,0,0,22,36,58,419,1524,1943,360,1699,392,1740,2132,Other Motives
5,2020,Goa,State,45,15.5,2.9,2,0,2,2,0,2,6,11,17,1,14,15,11,25,36,2,3,5,3,3,6,0,2,2,5,8,13,9,35,44,16,33,14,25,39,Slavary
5,2020,Gujarat,State,1198,691.7,1.7,11,14,25,43,43,86,92,327,419,80,374,454,226,758,984,86,45,131,87,16,103,3,1,4,176,62,238,108,459,567,402,820,406,871,1277,Smugling
5,2020,Haryana,State,2949,292.1,10.1,17,24,41,40,84,124,89,533,622,51,660,711,197,1301,1498,175,927,1102,141,246,387,9,5,14,325,1178,1503,401,976,1377,522,2479,649,2656,3305,Theft 
5,2020,Himachal Pradesh,State,343,73.6,4.7,4,1,5,7,4,11,32,109,141,14,149,163,57,263,320,2,19,21,6,3,9,1,0,1,9,22,31,33,45,78,66,285,64,277,341,Child Soldiers
5,2020,Jharkhand,State,1564,381.2,4.1,0,0,0,2,4,6,4,57,61,54,389,443,60,450,510,400,685,1085,27,34,61,0,0,0,427,719,1146,694,934,1628,487,1169,505,1174,1679,Scolding by parents
5,2020,Karnataka,State,2253,665,3.4,24,20,44,54,39,93,267,502,769,165,928,1093,510,1489,1999,82,105,187,94,61,155,4,2,6,180,168,348,498,866,1364,690,1657,749,1723,2472,Love Relationship
5,2020,Kerala,State,307,353.7,0.9,2,2,4,9,5,14,14,64,78,9,98,107,34,169,203,38,16,54,47,7,54,1,0,1,86,23,109,17,34,51,120,192,105,187,292, Murder
5,2020,Madhya Pradesh,State,7320,837.6,8.7,61,105,166,207,383,590,615,2371,2986,483,3111,3594,1366,5970,7336,114,151,265,46,51,97,2,1,3,162,203,365,1762,5837,7599,1528,6173,1615,5958,7573, Ransom
5,2020,Maharashtra,State,8103,1236.8,6.6,61,56,117,278,163,441,762,2305,3067,548,3359,3907,1649,5883,7532,124,320,444,150,140,290,2,3,5,276,463,739,2453,5481,7934,1925,6346,2247,7141,9388, Revenge
5,2020,Manipur,State,81,31.4,2.6,0,0,0,1,1,2,5,14,19,1,13,14,7,28,35,9,17,26,20,5,25,0,0,0,29,22,51,31,22,53,36,50,37,54,91, Marriage
5,2020,Meghalaya,State,91,32.6,2.8,0,0,0,2,4,6,15,15,30,2,13,15,19,32,51,18,4,22,23,1,24,0,0,0,41,5,46,155,145,300,60,37,56,93,149, Illicit Intercourse
5,2020,Mizoram,State,3,12.1,0.2,1,1,2,0,0,0,0,1,1,0,0,0,1,2,3,0,0,0,0,0,0,0,0,0,0,0,0,1,0,1,1,2,0,2,2, Prostitution
5,2020,Nagaland,State,24,21.8,1.1,0,0,0,0,0,0,0,3,3,0,2,2,0,5,5,6,8,14,3,4,7,1,0,1,10,12,22,24,20,44,10,17,3,16,19, Adoption
5,2020,Odisha,State,4179,454.7,9.2,3,13,16,45,194,239,103,1156,1259,238,2163,2401,389,3526,3915,10,250,260,15,3,18,0,0,0,25,253,278,33,130,163,414,3779,410,3604,4014, Begging
5,2020,Punjab,State,1399,301.8,4.6,7,11,18,13,40,53,20,413,433,3,573,576,43,1037,1080,56,215,271,47,41,88,1,0,1,104,256,360,269,1136,1405,147,1293,145,991,1136, Domestic Servitude
5,2020,Rajasthan,State,6234,786.1,7.9,10,9,19,42,95,137,189,744,933,242,1504,1746,483,2352,2835,502,1813,2315,346,869,1215,3,3,6,851,2685,3536,499,1375,1874,1334,5037,1257,5061,6318, Forced Labour
5,2020,Sikkim,State,32,6.7,4.8,0,0,0,2,2,4,1,13,14,4,13,17,7,28,35,0,1,1,0,0,0,0,0,0,0,1,1,3,9,12,7,29,1,13,14, Recovery of Loans
5,2020,Tamil Nadu,State,765,761.7,1,5,10,15,1,5,6,2,52,54,1,191,192,9,258,267,58,336,394,60,69,129,2,0,2,120,405,525,88,250,338,129,663,118,671,789,Wrongful Confinement
5,2020,Telangana,State,2056,375.4,5.5,15,7,22,16,35,51,73,398,471,73,658,731,177,1098,1275,256,418,674,240,142,382,6,1,7,502,561,1063,102,357,459,679,1659,701,1572,2273, Unlawful Activity
5,2020,Tripura,State,127,40.4,3.1,0,0,0,1,0,1,3,44,47,4,47,51,8,91,99,2,15,17,7,6,13,0,0,0,9,21,30,11,46,57,17,112,19,137,156,Drug Pedling
5,2020,Uttar Pradesh,State,12913,2289.3,5.6,37,24,61,130,398,528,245,1770,2015,266,2650,2916,678,4842,5520,440,5955,6395,132,1525,1657,5,13,18,577,7493,8070,2581,13050,15631,1255,12335,1426,10948,12374,Petty Crimes 
5,2020,Uttarakhand,State,768,113.1,6.8,10,9,19,38,33,71,64,80,144,43,88,131,155,210,365,70,161,231,93,160,253,5,2,7,168,323,491,1216,1411,2627,323,533,143,174,317,Terrorist Activities
5,2020,West Bengal,State,9309,977.2,9.5,22,36,58,117,432,549,195,2704,2899,201,3616,3817,535,6788,7323,236,1021,1257,206,659,865,7,1,8,449,1681,2130,849,2666,3515,984,8469,880,7348,8228, Selling Body Parts
5,2020,A and N Islands,UT,7,4,1.8,0,0,0,0,0,0,2,2,4,1,1,2,3,3,6,0,1,1,0,0,0,0,0,0,0,1,1,3,8,11,3,4,3,4,7,Others
5,2020,Chandigarh,UT,118,12,9.8,2,1,3,8,3,11,16,51,67,3,35,38,29,90,119,3,2,5,1,0,1,0,0,0,4,2,6,57,70,127,33,92,37,89,126,Deemed Kidnapped
5,2020,D and N Haveli and Daman and Diu,UT,21,10.4,2,0,0,0,0,0,0,2,10,12,3,4,7,5,14,19,0,0,0,2,0,2,0,0,0,2,0,2,3,10,13,7,14,9,17,26,Missing Deemed Kidnapped
5,2020,Delhi,UT,4062,203.2,20,43,27,70,214,158,372,536,1438,1974,253,1193,1446,1046,2816,3862,87,149,236,73,59,132,4,1,5,164,209,373,3517,6098,9615,1210,3025,1304,3039,4343,Left Home by own will
5,2020,Jammu and Kashmir,UT,868,133.4,6.5,3,0,3,5,13,18,27,109,136,13,132,145,48,254,302,6,415,421,20,142,162,0,0,0,26,557,583,22,680,702,74,811,66,680,746,Elopement
5,2020,Ladakh ,UT,0,3,0,0,0,0,0,0,0,0,0,0,0,0,0,0,0,0,0,0,0,0,0,0,0,0,0,0,0,0,1,10,11,0,0,0,0,0,Family Disputes
5,2020,Lakshadweep,UT,1,0.7,1.5,0,0,0,0,0,0,1,0,1,0,0,0,1,0,1,0,0,0,0,0,0,0,0,0,0,0,0,0,0,0,1,0,1,0,1,Civil Disputes
5,2020,Puducherry,UT,19,15.5,1.2,0,0,0,0,0,0,0,0,0,0,0,0,0,0,0,19,0,19,0,0,0,0,0,0,19,0,19,44,38,82,19,0,0,0,0,Other Motives
6,2021,Andhra Pradesh,State,835,528.5,1.6,10,9,19,2,17,19,6,213,219,8,244,252,26,483,509,39,175,214,68,69,137,7,0,7,114,244,358,172,604,776,140,727,166,752,918,Slavary
6,2021,Arunachal Pradesh,State,85,15.4,5.5,2,0,2,0,1,1,2,14,16,1,32,33,5,47,52,7,12,19,12,3,15,1,0,1,20,15,35,38,135,173,25,62,10,44,54,Smugling
6,2021,Assam,State,7580,351.6,21.6,6,11,17,74,137,211,122,944,1066,112,1374,1486,314,2466,2780,277,2340,2617,548,1994,2542,3,3,6,828,4337,5165,4886,9537,14423,1142,6803,709,4260,4969,Theft 
6,2021,Bihar,State,10198,1237,8.2,28,43,71,111,240,351,182,1167,1349,169,2019,2188,490,3469,3959,597,3519,4116,402,1756,2158,19,0,19,1018,5275,6293,2936,12233,15169,1508,8744,1420,6695,8115,Child Soldiers
6,2021,Chhattisgarh,State,2681,296.1,9.1,7,8,15,89,111,200,165,1028,1193,145,1105,1250,406,2252,2658,16,24,40,21,18,39,0,0,0,37,42,79,387,1483,1870,443,2294,540,2307,2847,Scolding by parents
6,2021,Goa,State,52,15.6,3.3,2,0,2,1,2,3,10,24,34,2,6,8,15,32,47,0,5,5,0,2,2,0,1,1,0,8,8,11,43,54,15,40,13,37,50,Love Relationship
6,2021,Gujarat,State,1621,700.8,2.3,18,21,39,47,46,93,120,396,516,85,508,593,270,971,1241,113,195,308,82,37,119,6,0,6,201,232,433,104,408,512,471,1203,463,1154,1617, Murder
6,2021,Haryana,State,3554,296,12,28,17,45,49,46,95,160,754,914,85,1100,1185,322,1917,2239,157,990,1148,130,204,334,3,0,3,290,1194,1485,274,799,1073,612,3111,655,3130,3786, Ransom
6,2021,Himachal Pradesh,State,430,74.1,5.8,2,2,4,6,2,8,36,144,180,23,188,211,67,336,403,6,17,23,9,4,13,1,0,1,16,21,37,35,53,88,83,357,92,359,451, Revenge
6,2021,Jharkhand,State,1767,386.4,4.6,1,1,2,3,31,34,21,241,262,29,263,292,54,536,590,283,784,1067,31,104,135,0,0,0,314,888,1202,676,929,1605,368,1424,374,1297,1671, Marriage
6,2021,Karnataka,State,2879,669.9,4.3,11,13,24,81,66,147,269,678,947,221,1298,1519,582,2055,2637,76,94,170,138,33,171,6,1,7,220,128,348,439,800,1239,802,2183,891,2352,3243, Illicit Intercourse
6,2021,Kerala,State,364,355.4,1,5,2,7,12,9,21,22,82,104,8,123,131,47,216,263,43,21,64,36,4,40,1,0,1,80,25,105,32,39,71,127,241,137,230,367, Prostitution
6,2021,Madhya Pradesh,State,9511,848.6,11.2,68,165,233,272,368,640,832,2829,3661,844,4203,5047,2016,7565,9581,52,154,206,57,119,176,2,18,20,111,291,402,1676,6057,7733,2127,7856,2082,8578,10660, Adoption
6,2021,Maharashtra,State,10502,1247.6,8.4,66,48,114,301,247,548,827,3401,4228,736,4222,4958,1930,7918,9848,126,276,402,156,263,419,8,3,11,290,542,832,2131,4686,6817,2220,8460,2344,8446,10790, Begging
6,2021,Manipur,State,85,31.7,2.7,0,0,0,0,1,1,3,15,18,1,17,18,4,33,37,13,23,36,20,0,20,1,0,1,34,23,57,30,18,48,38,56,39,55,94, Domestic Servitude
6,2021,Meghalaya,State,123,33,3.7,1,1,2,1,0,1,1,20,21,3,37,40,6,58,64,19,17,36,27,0,27,0,0,0,46,17,63,159,89,248,52,75,25,38,63, Forced Labour
6,2021,Mizoram,State,2,12.2,0.2,1,0,1,0,0,0,1,0,1,0,0,0,2,0,2,0,0,0,0,0,0,0,0,0,0,0,0,2,0,2,2,0,2,0,2, Recovery of Loans
6,2021,Nagaland,State,48,22,2.2,1,0,1,1,1,2,1,6,7,1,0,1,4,7,11,20,4,24,20,2,22,0,0,0,40,6,46,31,21,52,44,13,44,20,64,Wrongful Confinement
6,2021,Odisha,State,5625,457.9,12.3,1,1,2,11,34,45,32,495,527,363,4255,4618,407,4785,5192,29,327,356,16,66,82,0,0,0,45,393,438,37,305,342,452,5178,435,4986,5421, Unlawful Activity
6,2021,Punjab,State,1787,304,5.9,10,4,14,8,26,34,7,337,344,13,1045,1058,38,1412,1450,63,228,291,32,30,62,0,0,0,95,258,353,271,1438,1709,133,1670,159,1346,1505,Drug Pedling
6,2021,Rajasthan,State,7717,795.7,9.7,12,5,17,58,57,115,171,1030,1201,262,2028,2290,503,3120,3623,697,1838,2535,538,1114,1652,3,2,5,1238,2954,4192,576,1351,1927,1741,6074,1771,6197,7968,Petty Crimes 
6,2021,Sikkim,State,39,6.8,5.8,0,0,0,1,0,1,10,17,27,1,16,17,12,33,45,0,0,0,1,0,1,0,0,0,1,0,1,9,25,34,13,33,7,15,22,Terrorist Activities
6,2021,Tamil Nadu,State,821,764.8,1.1,7,9,16,5,19,24,2,98,100,7,127,134,21,253,274,79,342,421,76,84,160,5,0,5,160,426,586,99,242,341,181,679,191,747,938, Selling Body Parts
6,2021,Telangana,State,2760,377.7,7.3,11,11,22,23,59,82,75,540,615,150,916,1066,259,1526,1785,138,252,390,112,458,570,59,13,72,309,723,1032,80,444,524,568,2249,562,2223,2785,Others
6,2021,Tripura,State,136,40.8,3.3,0,0,0,0,0,0,8,46,54,2,50,52,10,96,106,7,17,24,4,2,6,0,0,0,11,19,30,9,21,30,21,115,20,109,129,Deemed Kidnapped
6,2021,Uttar Pradesh,State,14554,2317,6.3,27,26,53,113,306,419,339,2387,2726,334,3337,3671,813,6056,6869,245,6194,6439,105,1281,1386,3,17,20,353,7492,7845,2410,14437,16847,1166,13548,1465,14325,15790,Missing Deemed Kidnapped
6,2021,Uttarakhand,State,819,114.4,7.2,14,10,24,21,24,45,34,30,64,60,48,108,129,112,241,62,161,223,123,244,367,0,4,4,185,409,594,1396,1770,3166,314,521,125,95,220,Left Home by own will
6,2021,West Bengal,State,8339,982.9,8.5,18,25,43,106,273,379,251,2341,2592,267,3140,3407,642,5779,6421,197,1285,1482,163,360,523,3,0,3,363,1645,2008,953,3787,4740,1005,7424,1015,7546,8561,Elopement
6,2021,A and N Islands,UT,7,4,1.7,0,0,0,0,1,1,3,2,5,0,1,1,3,4,7,0,0,0,1,0,1,0,0,0,1,0,1,3,8,11,4,4,4,6,10,Family Disputes
6,2021,Chandigarh,UT,154,12.1,12.7,2,0,2,5,2,7,22,41,63,8,73,81,37,116,153,1,3,4,0,1,1,0,0,0,1,4,5,53,73,126,38,120,28,89,117,Civil Disputes
6,2021,D and N Haveli,UT,48,11.1,4.3,0,0,0,2,0,2,2,15,17,1,26,27,5,41,46,0,0,0,2,0,2,0,0,0,2,0,2,1,7,8,7,41,7,42,49,Other Motives
6,2021,Daman and Diu,UT,5527,207,26.7,56,51,107,294,286,580,663,1903,2566,435,1665,2100,1448,3905,5353,123,282,405,66,61,127,2,1,3,191,344,535,3423,6084,9507,1639,4249,1606,3743,5349,Slavary
6,2021,Delhi,UT,1013,134.4,7.5,1,0,1,13,42,55,24,145,169,21,247,268,59,434,493,16,339,355,9,184,193,0,0,0,25,523,548,30,811,841,84,957,73,978,1051,Smugling
6,2021,Jammu and Kashmir,UT,4,3,1.3,0,0,0,0,0,0,0,0,0,0,0,0,0,0,0,3,1,4,0,0,0,0,0,0,3,1,4,1,10,11,3,1,3,1,4,Theft 
6,2021,Lakshadweep,UT,0,0.7,0,0,0,0,0,0,0,0,0,0,0,0,0,0,0,0,0,0,0,0,0,0,0,0,0,0,0,0,0,0,0,0,0,0,0,0,Child Soldiers
6,2021,Puducherry,UT,40,15.8,2.5,2,1,3,1,0,1,2,6,8,5,18,23,10,25,35,3,4,7,3,2,5,1,0,1,7,6,13,63,38,101,17,31,0,0,0,Scolding by parents
